state,WT,CypD_low,ANT_low,ATPsyn_low,ANT_ATPsyn_low
Cardiac_Control,0.6607027108437465,0.564480396662161,0.5398014670039986,0.5584409274470798,0.4382711973490932
Cardiac_Ischemia_Reperfusion,0.9783335283075908,0.9661512434854458,0.9646432196364162,0.9650516838556026,0.9478067377537366
Cancer_Therapy_Naive,0.8187165233434022,0.7418695444718687,0.7364638395811693,0.7495084444488922,0.6480318797466753
Cancer_Stress_Adapted,0.7464399193910922,0.6689588133232348,0.6508580215709435,0.6814755259735418,0.5655617708940613
