feature,permutation_importance
delta_psi_mV,-0.0011315762560331214
mtROS_au,-0.0008749096883381435
ANT_function_au,0.0003734531550523649
cardiolipin_index,0.0007205138609843879
PiC_modulation_au,0.0008485172392178682
CypD_activity_au,0.0023509074053913374
pH_au,0.00278968187201644
adp_atp_ratio,0.006534110590959926
matrix_ca_au,0.020943068188191374
ATPsynthase_pore_propensity_au,0.021402956614112702
